Timestamp,"@(#) International Ispell Version 3.1.20 (but really Aspell 0.60.8)
*
*"
2024-12-12 00:25:37,"@(#) International Ispell Version 3.1.20 (but really Aspell 0.60.8)
*"
2024-12-12 00:25:38,"@(#) International Ispell Version 3.1.20 (but really Aspell 0.60.8)
*"
2024-12-12 00:25:39,@(#) International Ispell Version 3.1.20 (but really Aspell 0.60.8)
2024-12-12 00:25:41,"@(#) International Ispell Version 3.1.20 (but really Aspell 0.60.8)
*"
2024-12-12 00:25:43,"@(#) International Ispell Version 3.1.20 (but really Aspell 0.60.8)
*"
2024-12-12 00:25:44,"@(#) International Ispell Version 3.1.20 (but really Aspell 0.60.8)
*"
2024-12-12 00:25:46,"@(#) International Ispell Version 3.1.20 (but really Aspell 0.60.8)
*"
2024-12-12 00:25:47,"@(#) International Ispell Version 3.1.20 (but really Aspell 0.60.8)
*"
2024-12-12 00:25:48,"@(#) International Ispell Version 3.1.20 (but really Aspell 0.60.8)
*"
2024-12-12 00:25:50,"@(#) International Ispell Version 3.1.20 (but really Aspell 0.60.8)
*"
2024-12-12 00:25:51,@(#) International Ispell Version 3.1.20 (but really Aspell 0.60.8)
2024-12-12 00:25:52,"@(#) International Ispell Version 3.1.20 (but really Aspell 0.60.8)
*"
2024-12-12 00:25:54,"@(#) International Ispell Version 3.1.20 (but really Aspell 0.60.8)
*"
